REGIONS/COUNTRIES,Year,Sales
EUROPE,2005,17906455.0
EU 28 countries + EFTA,2005,15622035.0
EU 15 countries + EFTA,2005,14565695.0
AUSTRIA,2005,307915.0
BELGIUM,2005,480088.0
DENMARK,2005,148819.0
FINLAND,2005,148161.0
FRANCE,2005,2118042.0
GERMANY,2005,3319259.0
GREECE,2005,269728.0
ICELAND,2005,18060.0
IRELAND,2005,171742.0
ITALY,2005,2244108.0
LUXEMBOURG,2005,48517.0
NETHERLANDS,2005,465196.0
NORWAY,2005,109907.0
PORTUGAL,2005,206488.0
SPAIN,2005,1528877.0
SWEDEN,2005,274301.0
SWITZERLAND (+FL),2005,266770.0
UNITED KINGDOM,2005,2439717.0
EUROPE NEW MEMBERS,2005,1056340.0
BULGARIA*,2005,25956.0
CROATIA,2005,70541.0
CYPRUS,2005,17687.0
CZECH REPUBLIC,2005,151699.0
ESTONIA,2005,19640.0
HUNGARY,2005,198982.0
LATVIA,2005,10467.0
LITHUANIA,2005,16602.0
MALTA,2005,6552.0
POLAND,2005,207007.0
ROMANIA,2005,214967.0
SLOVAKIA,2005,56916.0
SLOVENIA,2005,59324.0
"RUSSIA, TURKEY & OTHER EUROPE",2005,2284420.0
ALBANIA,2005,800.0
ARMENIA,2005,11000.0
BELARUS,2005,9000.0
BOSNIA,2005,10000.0
GEORGIA,2005,1500.0
MACEDONIA,2005,9300.0
MOLDAVIA,2005,4000.0
RUSSIA,2005,1520225.0
SERBIA,2005,21603.0
TURKEY,2005,438597.0
UKRAINE,2005,258395.0
AMERICA,2005,11558126.0
NAFTA,2005,9221429.0
CANADA,2005,847436.0
MEXICO,2005,714010.0
UNITED STATES OF AMERICA,2005,7659983.0
CENTRAL & SOUTH AMERICA,2005,2336697.0
ARGENTINA,2005,290648.0
BAHAMAS,2005,2500.0
BELIZE,2005,100.0
BOLIVIA,2005,1000.0
BRAZIL,2005,1369182.0
CHILE,2005,140000.0
COLOMBIA,2005,120000.0
COSTA RICA,2005,13000.0
CUBA,2005,2000.0
DOMINICAN REPUBLIC,2005,16000.0
ECUADOR,2005,54342.0
EL SALVADOR,2005,4000.0
GUADELOUPE,2005,14359.0
GUATEMALA,2005,8100.0
GUYANA,2005,4085.0
HONDURAS,2005,4800.0
JAMAICA,2005,3000.0
MARTINIQUE,2005,14749.0
NICARAGUA,2005,3000.0
PANAMA,2005,10000.0
PARAGUAY,2005,3000.0
PERU,2005,14231.0
PUERTO RICO,2005,96000.0
TRINIDAD,2005,10000.0
URUGUAY,2005,10000.0
VENEZUELA,2005,128601.0
ASIA/OCEANIA/MIDDLE EAST,2005,14917385.0
AUSTRALIA,2005,608804.0
AZERBAIDJAN,2005,12100.0
BAHRAIN,2005,18000.0
BANGLADESH,2005,6500.0
BRUNEI,2005,15000.0
CAMBODGE,2005,1000.0
CHINA,2005,3971101.0
HONG-KONG,2005,27483.0
INDIA,2005,1106863.0
INDONESIA,2005,364319.0
IRAK,2005,2000.0
IRAN,2005,730000.0
ISRAEL,2005,130000.0
JAPAN,2005,4748482.0
JORDAN,2005,10000.0
KAZAKSTAN,2005,39800.0
KIRGHIZISTAN,2005,5000.0
KUWAIT,2005,50000.0
LAOS,2005,1000.0
LEBANON,2005,15000.0
MALAYSIA,2005,410892.0
MONGOLIA,2005,500.0
MYANMAR,2005,1000.0
NEPAL,2005,1000.0
NEW CALEDONIA,2005,7397.0
NEW ZEALAND,2005,77825.0
OMAN,2005,148100.0
PAKISTAN,2005,141326.0
PALESTINE,2005,13500.0
PHILIPPINES,2005,35063.0
QATAR,2005,61200.0
SAUDI ARABIA,2005,408700.0
SINGAPORE,2005,109167.0
SOUTH KOREA,2005,893159.0
SRI LANKA,2005,2600.0
SYRIA,2005,32985.0
TADJIKISTAN,2005,5300.0
TAHITI,2005,5200.0
TAIWAN,2005,325840.0
THAILAND,2005,178291.0
TUKMENISTAN,2005,3900.0
UNITED ARAB EMIRATES,2005,137000.0
UZBEKISTAN,2005,28500.0
VIETNAM,2005,24888.0
YEMEN,2005,4000.0
AFRICA,2005,795842.0
ALGERIA,2005,71046.0
ANGOLA,2005,6000.0
BOTSWANA,2005,12905.0
BURKINA,2005,500.0
BURUNDI,2005,500.0
CAMEROON,2005,1300.0
CONGO,2005,200.0
EGYPT,2005,94538.0
GABON,2005,800.0
GHANA,2005,2500.0
IVORY COAST,2005,2000.0
KENYA,2005,2000.0
LIBERIA,2005,300.0
LIBYA,2005,35000.0
MADAGASCAR,2005,930.0
MALAWI,2005,930.0
MAURITIUS,2005,2900.0
MOROCCO,2005,56183.0
NIGERIA,2005,16000.0
REUNION,2005,25142.0
SENEGAL,2005,3000.0
SOUTH AFRICA,2005,419868.0
SUDAN,2005,2000.0
TANZANIA,2005,2000.0
TUNISIA,2005,25000.0
UGANDA,2005,3000.0
ZAMBIA,2005,2300.0
ZIMBABWE,2005,7000.0
ALL COUNTRIES,2005,45177808.0
*only LV,2005,
EUROPE,2006,18685556.0
EU 28 countries + EFTA,2006,15961138.0
EU 15 countries + EFTA,2006,14820182.0
AUSTRIA,2006,308594.0
BELGIUM,2006,526141.0
DENMARK,2006,156936.0
FINLAND,2006,145700.0
FRANCE,2006,2045745.0
GERMANY,2006,3467961.0
GREECE,2006,267669.0
ICELAND,2006,17129.0
IRELAND,2006,178484.0
ITALY,2006,2335462.0
LUXEMBOURG,2006,50837.0
NETHERLANDS,2006,483999.0
NORWAY,2006,109164.0
PORTUGAL,2006,194702.0
SPAIN,2006,1634608.0
SWEDEN,2006,282766.0
SWITZERLAND (+FL),2006,269421.0
UNITED KINGDOM,2006,2344864.0
EUROPE NEW MEMBERS,2006,1140956.0
BULGARIA*,2006,36455.0
CROATIA,2006,78775.0
CYPRUS,2006,18639.0
CZECH REPUBLIC,2006,156686.0
ESTONIA,2006,25363.0
HUNGARY,2006,187676.0
LATVIA,2006,14234.0
LITHUANIA,2006,25582.0
MALTA,2006,6745.0
POLAND,2006,224728.0
ROMANIA,2006,247411.0
SLOVAKIA,2006,59084.0
SLOVENIA,2006,59578.0
"RUSSIA, TURKEY & OTHER EUROPE",2006,2724418.0
ALBANIA,2006,800.0
ARMENIA,2006,12000.0
BELARUS,2006,13000.0
BOSNIA,2006,10000.0
GEORGIA,2006,2000.0
MACEDONIA,2006,10000.0
MOLDAVIA,2006,5000.0
RUSSIA,2006,1911240.0
SERBIA,2006,25610.0
TURKEY,2006,373219.0
UKRAINE,2006,361549.0
AMERICA,2006,11980414.0
NAFTA,2006,9301364.0
CANADA,2006,858826.0
MEXICO,2006,680946.0
UNITED STATES OF AMERICA,2006,7761592.0
CENTRAL & SOUTH AMERICA,2006,2679050.0
ARGENTINA,2006,336296.0
BAHAMAS,2006,2000.0
BELIZE,2006,200.0
BOLIVIA,2006,1500.0
BRAZIL,2006,1556220.0
CHILE,2006,140000.0
COLOMBIA,2006,160000.0
COSTA RICA,2006,15000.0
CUBA,2006,2000.0
DOMINICAN REPUBLIC,2006,16000.0
ECUADOR,2006,58900.0
EL SALVADOR,2006,6000.0
GUADELOUPE,2006,13562.0
GUATEMALA,2006,9400.0
GUYANA,2006,4071.0
HONDURAS,2006,5600.0
JAMAICA,2006,3000.0
MARTINIQUE,2006,14132.0
NICARAGUA,2006,6000.0
PANAMA,2006,15000.0
PARAGUAY,2006,5000.0
PERU,2006,20061.0
PUERTO RICO,2006,85000.0
TRINIDAD,2006,10000.0
URUGUAY,2006,10000.0
VENEZUELA,2006,184108.0
ASIA/OCEANIA/MIDDLE EAST,2006,16123076.0
AUSTRALIA,2006,598394.0
AZERBAIDJAN,2006,13000.0
BAHRAIN,2006,18000.0
BANGLADESH,2006,9000.0
BRUNEI,2006,15000.0
CAMBODGE,2006,1000.0
CHINA,2006,5175961.0
HONG-KONG,2006,27877.0
INDIA,2006,1311373.0
INDONESIA,2006,222387.0
IRAK,2006,5000.0
IRAN,2006,850000.0
ISRAEL,2006,130000.0
JAPAN,2006,4612318.0
JORDAN,2006,5000.0
KAZAKSTAN,2006,39100.0
KIRGHIZISTAN,2006,5000.0
KUWAIT,2006,65000.0
LAOS,2006,1000.0
LEBANON,2006,15000.0
MALAYSIA,2006,374169.0
MONGOLIA,2006,500.0
MYANMAR,2006,1000.0
NEPAL,2006,1000.0
NEW CALEDONIA,2006,7251.0
NEW ZEALAND,2006,76804.0
OMAN,2006,145400.0
PAKISTAN,2006,160256.0
PALESTINE,2006,15700.0
PHILIPPINES,2006,38131.0
QATAR,2006,60100.0
SAUDI ARABIA,2006,401100.0
SINGAPORE,2006,116849.0
SOUTH KOREA,2006,932650.0
SRI LANKA,2006,2800.0
SYRIA,2006,45467.0
TADJIKISTAN,2006,5700.0
TAHITI,2006,5100.0
TAIWAN,2006,218610.0
THAILAND,2006,184544.0
TUKMENISTAN,2006,4200.0
UNITED ARAB EMIRATES,2006,150000.0
UZBEKISTAN,2006,31100.0
VIETNAM,2006,23335.0
YEMEN,2006,4700.0
AFRICA,2006,938739.0
ALGERIA,2006,81803.0
ANGOLA,2006,8000.0
BOTSWANA,2006,13073.0
BURKINA,2006,500.0
BURUNDI,2006,500.0
CAMEROON,2006,1400.0
CONGO,2006,200.0
EGYPT,2006,132373.0
GABON,2006,1000.0
GHANA,2006,3000.0
IVORY COAST,2006,2500.0
KENYA,2006,3000.0
LIBERIA,2006,200.0
LIBYA,2006,35000.0
MADAGASCAR,2006,1100.0
MALAWI,2006,1100.0
MAURITIUS,2006,3500.0
MOROCCO,2006,75295.0
NIGERIA,2006,22000.0
REUNION,2006,22437.0
SENEGAL,2006,3000.0
SOUTH AFRICA,2006,481558.0
SUDAN,2006,2000.0
TANZANIA,2006,2000.0
TUNISIA,2006,30000.0
UGANDA,2006,3500.0
ZAMBIA,2006,2700.0
ZIMBABWE,2006,6000.0
ALL COUNTRIES,2006,47727785.0
*only LV,2006,
EUROPE,2007,19618588.0
EU 28 countries + EFTA,2007,16147274.0
EU 15 countries + EFTA,2007,14842186.0
AUSTRIA,2007,298182.0
BELGIUM,2007,524795.0
DENMARK,2007,162686.0
FINLAND,2007,125608.0
FRANCE,2007,2109672.0
GERMANY,2007,3148163.0
GREECE,2007,279745.0
ICELAND,2007,15942.0
IRELAND,2007,186325.0
ITALY,2007,2494115.0
LUXEMBOURG,2007,51332.0
NETHERLANDS,2007,504300.0
NORWAY,2007,129195.0
PORTUGAL,2007,201816.0
SPAIN,2007,1614835.0
SWEDEN,2007,306794.0
SWITZERLAND (+FL),2007,284674.0
UNITED KINGDOM,2007,2404007.0
EUROPE NEW MEMBERS,2007,1305088.0
BULGARIA*,2007,43521.0
CROATIA,2007,82664.0
CYPRUS,2007,22878.0
CZECH REPUBLIC,2007,174456.0
ESTONIA,2007,30912.0
HUNGARY,2007,171661.0
LATVIA,2007,21606.0
LITHUANIA,2007,32771.0
MALTA,2007,6240.0
POLAND,2007,277427.0
ROMANIA,2007,312533.0
SLOVAKIA,2007,59700.0
SLOVENIA,2007,68719.0
"RUSSIA, TURKEY & OTHER EUROPE",2007,3471314.0
ALBANIA,2007,1600.0
ARMENIA,2007,6000.0
BELARUS,2007,20000.0
BOSNIA,2007,15000.0
GEORGIA,2007,6000.0
MACEDONIA,2007,10200.0
MOLDAVIA,2007,7000.0
RUSSIA,2007,2514920.0
SERBIA,2007,32772.0
TURKEY,2007,357465.0
UKRAINE,2007,500357.0
AMERICA,2007,12423199.0
NAFTA,2007,9045313.0
CANADA,2007,841585.0
MEXICO,2007,641394.0
UNITED STATES OF AMERICA,2007,7562334.0
CENTRAL & SOUTH AMERICA,2007,3377886.0
ARGENTINA,2007,422230.0
BAHAMAS,2007,2000.0
BELIZE,2007,100.0
BOLIVIA,2007,1500.0
BRAZIL,2007,1975518.0
CHILE,2007,180000.0
COLOMBIA,2007,200000.0
COSTA RICA,2007,13000.0
CUBA,2007,3000.0
DOMINICAN REPUBLIC,2007,18000.0
ECUADOR,2007,58334.0
EL SALVADOR,2007,8000.0
GUADELOUPE,2007,15539.0
GUATEMALA,2007,12100.0
GUYANA,2007,4437.0
HONDURAS,2007,7100.0
JAMAICA,2007,3000.0
MARTINIQUE,2007,14666.0
NICARAGUA,2007,6000.0
PANAMA,2007,22000.0
PARAGUAY,2007,6000.0
PERU,2007,28430.0
PUERTO RICO,2007,92000.0
TRINIDAD,2007,5000.0
URUGUAY,2007,12000.0
VENEZUELA,2007,267932.0
ASIA/OCEANIA/MIDDLE EAST,2007,17556195.0
AUSTRALIA,2007,637019.0
AZERBAIDJAN,2007,15000.0
BAHRAIN,2007,20000.0
BANGLADESH,2007,12000.0
BRUNEI,2007,10000.0
CAMBODGE,2007,1500.0
CHINA,2007,6297538.0
HONG-KONG,2007,33462.0
INDIA,2007,1511812.0
INDONESIA,2007,314769.0
IRAK,2007,4000.0
IRAN,2007,900000.0
ISRAEL,2007,200000.0
JAPAN,2007,4325508.0
JORDAN,2007,5000.0
KAZAKSTAN,2007,39500.0
KIRGHIZISTAN,2007,5000.0
KUWAIT,2007,70000.0
LAOS,2007,1500.0
LEBANON,2007,20000.0
MALAYSIA,2007,442885.0
MONGOLIA,2007,1000.0
MYANMAR,2007,1000.0
NEPAL,2007,2000.0
NEW CALEDONIA,2007,7717.0
NEW ZEALAND,2007,77454.0
OMAN,2007,146700.0
PAKISTAN,2007,159457.0
PALESTINE,2007,16400.0
PHILIPPINES,2007,41107.0
QATAR,2007,60700.0
SAUDI ARABIA,2007,404800.0
SINGAPORE,2007,110814.0
SOUTH KOREA,2007,1010790.0
SRI LANKA,2007,2900.0
SYRIA,2007,36000.0
TADJIKISTAN,2007,5800.0
TAHITI,2007,5400.0
TAIWAN,2007,213327.0
THAILAND,2007,172321.0
TUKMENISTAN,2007,4300.0
UNITED ARAB EMIRATES,2007,135000.0
UZBEKISTAN,2007,31700.0
VIETNAM,2007,40115.0
YEMEN,2007,4800.0
AFRICA,2007,954039.0
ALGERIA,2007,97239.0
ANGOLA,2007,3500.0
BOTSWANA,2007,16538.0
BURKINA,2007,500.0
BURUNDI,2007,600.0
CAMEROON,2007,1400.0
CONGO,2007,200.0
EGYPT,2007,179149.0
GABON,2007,1200.0
GHANA,2007,3500.0
IVORY COAST,2007,2000.0
KENYA,2007,2000.0
LIBERIA,2007,300.0
LIBYA,2007,36000.0
MADAGASCAR,2007,1100.0
MALAWI,2007,1100.0
MAURITIUS,2007,4000.0
MOROCCO,2007,90941.0
NIGERIA,2007,7000.0
REUNION,2007,24819.0
SENEGAL,2007,3000.0
SOUTH AFRICA,2007,434653.0
SUDAN,2007,2500.0
TANZANIA,2007,2000.0
TUNISIA,2007,30000.0
UGANDA,2007,3000.0
ZAMBIA,2007,2800.0
ZIMBABWE,2007,3000.0
ALL COUNTRIES,2007,50552021.0
*only LV,2007,
EUROPE,2008,18821599.0
EU 28 countries + EFTA,2008,14911880.0
EU 15 countries + EFTA,2008,13602038.0
AUSTRIA,2008,293697.0
BELGIUM,2008,535947.0
DENMARK,2008,150199.0
FINLAND,2008,139669.0
FRANCE,2008,2091369.0
GERMANY,2008,3090040.0
GREECE,2008,267295.0
ICELAND,2008,9033.0
IRELAND,2008,151607.0
ITALY,2008,2161359.0
LUXEMBOURG,2008,52359.0
NETHERLANDS,2008,499980.0
NORWAY,2008,110617.0
PORTUGAL,2008,213389.0
SPAIN,2008,1161176.0
SWEDEN,2008,253982.0
SWITZERLAND (+FL),2008,288525.0
UNITED KINGDOM,2008,2131795.0
EUROPE NEW MEMBERS,2008,1309842.0
BULGARIA*,2008,45143.0
CROATIA,2008,88265.0
CYPRUS,2008,22241.0
CZECH REPUBLIC,2008,182554.0
ESTONIA,2008,24579.0
HUNGARY,2008,153278.0
LATVIA,2008,22217.0
LITHUANIA,2008,19831.0
MALTA,2008,5423.0
POLAND,2008,319190.0
ROMANIA,2008,285506.0
SLOVAKIA,2008,70040.0
SLOVENIA,2008,71575.0
"RUSSIA, TURKEY & OTHER EUROPE",2008,3909719.0
ALBANIA,2008,1600.0
ARMENIA,2008,4000.0
BELARUS,2008,22000.0
BOSNIA,2008,13000.0
GEORGIA,2008,8000.0
MACEDONIA,2008,10500.0
MOLDAVIA,2008,11000.0
RUSSIA,2008,2897459.0
SERBIA,2008,36177.0
TURKEY,2008,305998.0
UKRAINE,2008,599985.0
AMERICA,2008,11744792.0
NAFTA,2008,8230872.0
CANADA,2008,872720.0
MEXICO,2008,589045.0
UNITED STATES OF AMERICA,2008,6769107.0
CENTRAL & SOUTH AMERICA,2008,3513920.0
ARGENTINA,2008,452539.0
BAHAMAS,2008,2000.0
BELIZE,2008,200.0
BOLIVIA,2008,1500.0
BRAZIL,2008,2193277.0
CHILE,2008,181523.0
COLOMBIA,2008,180000.0
COSTA RICA,2008,15000.0
CUBA,2008,3000.0
DOMINICAN REPUBLIC,2008,20000.0
ECUADOR,2008,69556.0
EL SALVADOR,2008,10000.0
GUADELOUPE,2008,14295.0
GUATEMALA,2008,12800.0
GUYANA,2008,4357.0
HONDURAS,2008,8000.0
JAMAICA,2008,3000.0
MARTINIQUE,2008,13679.0
NICARAGUA,2008,6000.0
PANAMA,2008,30000.0
PARAGUAY,2008,12000.0
PERU,2008,55312.0
PUERTO RICO,2008,65000.0
TRINIDAD,2008,10000.0
URUGUAY,2008,15000.0
VENEZUELA,2008,135882.0
ASIA/OCEANIA/MIDDLE EAST,2008,18195449.0
AUSTRALIA,2008,596765.0
AZERBAIDJAN,2008,15000.0
BAHRAIN,2008,30000.0
BANGLADESH,2008,17000.0
BRUNEI,2008,15000.0
CAMBODGE,2008,1500.0
CHINA,2008,6755609.0
HONG-KONG,2008,35182.0
INDIA,2008,1545414.0
INDONESIA,2008,425267.0
IRAK,2008,20000.0
IRAN,2008,1000000.0
ISRAEL,2008,170000.0
JAPAN,2008,4184266.0
JORDAN,2008,9000.0
KAZAKSTAN,2008,39000.0
KIRGHIZISTAN,2008,4000.0
KUWAIT,2008,80000.0
LAOS,2008,2000.0
LEBANON,2008,33000.0
MALAYSIA,2008,497459.0
MONGOLIA,2008,3000.0
MYANMAR,2008,1200.0
NEPAL,2008,1500.0
NEW CALEDONIA,2008,7853.0
NEW ZEALAND,2008,73397.0
OMAN,2008,145000.0
PAKISTAN,2008,127863.0
PALESTINE,2008,18400.0
PHILIPPINES,2008,44313.0
QATAR,2008,60000.0
SAUDI ARABIA,2008,400000.0
SINGAPORE,2008,100979.0
SOUTH KOREA,2008,1017595.0
SRI LANKA,2008,3000.0
SYRIA,2008,42000.0
TADJIKISTAN,2008,6000.0
TAHITI,2008,5000.0
TAIWAN,2008,141161.0
THAILAND,2008,226805.0
TUKMENISTAN,2008,4500.0
UNITED ARAB EMIRATES,2008,191544.0
UZBEKISTAN,2008,43000.0
VIETNAM,2008,50877.0
YEMEN,2008,5000.0
AFRICA,2008,907243.0
ALGERIA,2008,111753.0
ANGOLA,2008,3500.0
BOTSWANA,2008,20037.0
BURKINA,2008,600.0
BURUNDI,2008,700.0
CAMEROON,2008,1400.0
CONGO,2008,500.0
EGYPT,2008,203729.0
GABON,2008,2500.0
GHANA,2008,3500.0
IVORY COAST,2008,2500.0
KENYA,2008,2000.0
LIBERIA,2008,300.0
LIBYA,2008,37000.0
MADAGASCAR,2008,1000.0
MALAWI,2008,1000.0
MAURITIUS,2008,4000.0
MOROCCO,2008,102095.0
NIGERIA,2008,7000.0
REUNION,2008,23267.0
SENEGAL,2008,3000.0
SOUTH AFRICA,2008,329262.0
SUDAN,2008,3000.0
TANZANIA,2008,2000.0
TUNISIA,2008,33000.0
UGANDA,2008,3000.0
ZAMBIA,2008,2600.0
ZIMBABWE,2008,3000.0
ALL COUNTRIES,2008,49669083.0
*only LV,2008,
EUROPE,2009,16608761.0
EU 28 countries + EFTA,2009,14533115.0
EU 15 countries + EFTA,2009,13668808.0
AUSTRIA,2009,319403.0
BELGIUM,2009,476194.0
DENMARK,2009,112454.0
FINLAND,2009,90574.0
FRANCE,2009,2302398.0
GERMANY,2009,3807175.0
GREECE,2009,219730.0
ICELAND,2009,2113.0
IRELAND,2009,57453.0
ITALY,2009,2159465.0
LUXEMBOURG,2009,47265.0
NETHERLANDS,2009,387699.0
NORWAY,2009,98675.0
PORTUGAL,2009,161013.0
SPAIN,2009,952772.0
SWEDEN,2009,213408.0
SWITZERLAND (+FL),2009,266018.0
UNITED KINGDOM,2009,1994999.0
EUROPE NEW MEMBERS,2009,864307.0
BULGARIA*,2009,22869.0
CROATIA,2009,44918.0
CYPRUS,2009,14981.0
CZECH REPUBLIC,2009,167708.0
ESTONIA,2009,9946.0
HUNGARY,2009,60189.0
LATVIA,2009,7515.0
LITHUANIA,2009,5367.0
MALTA,2009,5894.0
POLAND,2009,276220.0
ROMANIA,2009,116016.0
SLOVAKIA,2009,74717.0
SLOVENIA,2009,57967.0
"RUSSIA, TURKEY & OTHER EUROPE",2009,2075646.0
ALBANIA,2009,1000.0
ARMENIA,2009,4000.0
BELARUS,2009,12000.0
BOSNIA,2009,12000.0
GEORGIA,2009,1000.0
MACEDONIA,2009,6000.0
MOLDAVIA,2009,4000.0
RUSSIA,2009,1465742.0
SERBIA,2009,30000.0
TURKEY,2009,369819.0
UKRAINE,2009,170085.0
AMERICA,2009,10118021.0
NAFTA,2009,6569033.0
CANADA,2009,729023.0
MEXICO,2009,439120.0
UNITED STATES OF AMERICA,2009,5400890.0
CENTRAL & SOUTH AMERICA,2009,3548988.0
ARGENTINA,2009,373231.0
BAHAMAS,2009,3500.0
BELIZE,2009,150.0
BOLIVIA,2009,1000.0
BRAZIL,2009,2474764.0
CHILE,2009,130753.0
COLOMBIA,2009,170000.0
COSTA RICA,2009,12000.0
CUBA,2009,1500.0
DOMINICAN REPUBLIC,2009,8000.0
ECUADOR,2009,60596.0
EL SALVADOR,2009,2000.0
GUADELOUPE,2009,14084.0
GUATEMALA,2009,13000.0
GUYANA,2009,4446.0
HONDURAS,2009,6000.0
JAMAICA,2009,4000.0
MARTINIQUE,2009,13142.0
NICARAGUA,2009,4000.0
PANAMA,2009,25000.0
PARAGUAY,2009,7000.0
PERU,2009,48775.0
PUERTO RICO,2009,65000.0
TRINIDAD,2009,10000.0
URUGUAY,2009,30000.0
VENEZUELA,2009,67047.0
ASIA/OCEANIA/MIDDLE EAST,2009,21750229.0
AUSTRALIA,2009,540562.0
AZERBAIDJAN,2009,10000.0
BAHRAIN,2009,28000.0
BANGLADESH,2009,21500.0
BRUNEI,2009,10000.0
CAMBODGE,2009,1500.0
CHINA,2009,10331315.0
HONG-KONG,2009,28797.0
INDIA,2009,1816878.0
INDONESIA,2009,359367.0
IRAK,2009,35000.0
IRAN,2009,1100000.0
ISRAEL,2009,160000.0
JAPAN,2009,3905310.0
JORDAN,2009,10500.0
KAZAKSTAN,2009,40000.0
KIRGHIZISTAN,2009,4500.0
KUWAIT,2009,90000.0
LAOS,2009,3000.0
LEBANON,2009,32000.0
MALAYSIA,2009,486342.0
MONGOLIA,2009,3000.0
MYANMAR,2009,1500.0
NEPAL,2009,2000.0
NEW CALEDONIA,2009,7246.0
NEW ZEALAND,2009,54404.0
OMAN,2009,105000.0
PAKISTAN,2009,94437.0
PALESTINE,2009,13400.0
PHILIPPINES,2009,46111.0
QATAR,2009,40000.0
SAUDI ARABIA,2009,390000.0
SINGAPORE,2009,73183.0
SOUTH KOREA,2009,1221118.0
SRI LANKA,2009,3000.0
SYRIA,2009,46000.0
TADJIKISTAN,2009,7000.0
TAHITI,2009,3500.0
TAIWAN,2009,187262.0
THAILAND,2009,230037.0
TUKMENISTAN,2009,4500.0
UNITED ARAB EMIRATES,2009,90238.0
UZBEKISTAN,2009,45000.0
VIETNAM,2009,62722.0
YEMEN,2009,5000.0
AFRICA,2009,844614.0
ALGERIA,2009,131259.0
ANGOLA,2009,10000.0
BOTSWANA,2009,19354.0
BURKINA,2009,550.0
BURUNDI,2009,700.0
CAMEROON,2009,1400.0
CONGO,2009,1500.0
EGYPT,2009,158926.0
GABON,2009,2000.0
GHANA,2009,4500.0
IVORY COAST,2009,3000.0
KENYA,2009,5000.0
LIBERIA,2009,200.0
LIBYA,2009,37500.0
MADAGASCAR,2009,900.0
MALAWI,2009,1000.0
MAURITIUS,2009,3000.0
MOROCCO,2009,93761.0
NIGERIA,2009,34000.0
REUNION,2009,20935.0
SENEGAL,2009,4000.0
SOUTH AFRICA,2009,258129.0
SUDAN,2009,7000.0
TANZANIA,2009,2000.0
TUNISIA,2009,35000.0
UGANDA,2009,3000.0
ZAMBIA,2009,3000.0
ZIMBABWE,2009,3000.0
ALL COUNTRIES,2009,49321625.0
*only LV,2009,
EUROPE,2010,16499863.0
EU 28 countries + EFTA,2010,13830694.0
EU 15 countries + EFTA,2010,12984549.0
AUSTRIA,2010,328563.0
BELGIUM,2010,547340.0
DENMARK,2010,153858.0
FINLAND,2010,111968.0
FRANCE,2010,2251669.0
GERMANY,2010,2916259.0
GREECE,2010,141501.0
ICELAND,2010,3106.0
IRELAND,2010,88446.0
ITALY,2010,1961580.0
LUXEMBOURG,2010,49726.0
NETHERLANDS,2010,482531.0
NORWAY,2010,127754.0
PORTUGAL,2010,223464.0
SPAIN,2010,982015.0
SWEDEN,2010,289684.0
SWITZERLAND (+FL),2010,294239.0
UNITED KINGDOM,2010,2030846.0
EUROPE NEW MEMBERS,2010,846145.0
BULGARIA*,2010,16257.0
CROATIA,2010,38587.0
CYPRUS,2010,14088.0
CZECH REPUBLIC,2010,169580.0
ESTONIA,2010,10295.0
HUNGARY,2010,43476.0
LATVIA,2010,7970.0
LITHUANIA,2010,6365.0
MALTA,2010,4056.0
POLAND,2010,315855.0
ROMANIA,2010,94441.0
SLOVAKIA,2010,64033.0
SLOVENIA,2010,61142.0
"RUSSIA, TURKEY & OTHER EUROPE",2010,2669169.0
ALBANIA,2010,1600.0
ARMENIA,2010,4000.0
BELARUS,2010,15000.0
BOSNIA,2010,10000.0
GEORGIA,2010,4000.0
MACEDONIA,2010,8500.0
MOLDAVIA,2010,5000.0
RUSSIA,2010,1912794.0
SERBIA,2010,28951.0
TURKEY,2010,509784.0
UKRAINE,2010,169540.0
AMERICA,2010,10932740.0
NAFTA,2010,6833529.0
CANADA,2010,694349.0
MEXICO,2010,503748.0
UNITED STATES OF AMERICA,2010,5635432.0
CENTRAL & SOUTH AMERICA,2010,4099211.0
ARGENTINA,2010,522591.0
BAHAMAS,2010,2000.0
BELIZE,2010,100.0
BOLIVIA,2010,8000.0
BRAZIL,2010,2644706.0
CHILE,2010,212336.0
COLOMBIA,2010,250000.0
COSTA RICA,2010,20000.0
CUBA,2010,2000.0
DOMINICAN REPUBLIC,2010,15000.0
ECUADOR,2010,90250.0
EL SALVADOR,2010,3000.0
GUADELOUPE,2010,13480.0
GUATEMALA,2010,14100.0
GUYANA,2010,4393.0
HONDURAS,2010,1000.0
JAMAICA,2010,2000.0
MARTINIQUE,2010,13187.0
NICARAGUA,2010,3000.0
PANAMA,2010,30000.0
PARAGUAY,2010,11000.0
PERU,2010,73858.0
PUERTO RICO,2010,45000.0
TRINIDAD,2010,10000.0
URUGUAY,2010,40000.0
VENEZUELA,2010,68210.0
ASIA/OCEANIA/MIDDLE EAST,2010,27043451.0
AUSTRALIA,2010,592122.0
AZERBAIDJAN,2010,13000.0
BAHRAIN,2010,29000.0
BANGLADESH,2010,20700.0
BRUNEI,2010,10000.0
CAMBODGE,2010,1500.0
CHINA,2010,13757794.0
HONG-KONG,2010,41638.0
INDIA,2010,2387197.0
INDONESIA,2010,541475.0
IRAK,2010,65000.0
IRAN,2010,1410403.0
ISRAEL,2010,200000.0
JAPAN,2010,4203181.0
JORDAN,2010,10000.0
KAZAKSTAN,2010,24000.0
KIRGHIZISTAN,2010,4000.0
KUWAIT,2010,90000.0
LAOS,2010,4000.0
LEBANON,2010,33000.0
MALAYSIA,2010,543594.0
MONGOLIA,2010,3000.0
MYANMAR,2010,1800.0
NEPAL,2010,1000.0
NEW CALEDONIA,2010,7354.0
NEW ZEALAND,2010,62029.0
OMAN,2010,115000.0
PAKISTAN,2010,130038.0
PALESTINE,2010,17400.0
PHILIPPINES,2010,59623.0
QATAR,2010,40000.0
SAUDI ARABIA,2010,450000.0
SINGAPORE,2010,47273.0
SOUTH KOREA,2010,1237482.0
SRI LANKA,2010,2000.0
SYRIA,2010,78147.0
TADJIKISTAN,2010,6500.0
TAHITI,2010,3500.0
TAIWAN,2010,208300.0
THAILAND,2010,346644.0
TUKMENISTAN,2010,4500.0
UNITED ARAB EMIRATES,2010,136979.0
UZBEKISTAN,2010,43500.0
VIETNAM,2010,57778.0
YEMEN,2010,2000.0
AFRICA,2010,927229.0
ALGERIA,2010,97765.0
ANGOLA,2010,20000.0
BOTSWANA,2010,20972.0
BURKINA,2010,700.0
BURUNDI,2010,300.0
CAMEROON,2010,1400.0
CONGO,2010,1500.0
EGYPT,2010,192848.0
GABON,2010,2000.0
GHANA,2010,4000.0
IVORY COAST,2010,3500.0
KENYA,2010,4000.0
LIBERIA,2010,300.0
LIBYA,2010,38000.0
MADAGASCAR,2010,900.0
MALAWI,2010,1500.0
MAURITIUS,2010,4000.0
MOROCCO,2010,91119.0
NIGERIA,2010,25000.0
REUNION,2010,20295.0
SENEGAL,2010,4000.0
SOUTH AFRICA,2010,337130.0
SUDAN,2010,2000.0
TANZANIA,2010,2000.0
TUNISIA,2010,45000.0
UGANDA,2010,3000.0
ZAMBIA,2010,2000.0
ZIMBABWE,2010,2000.0
ALL COUNTRIES,2010,55403283.0
*only LV,2010,
EUROPE,2011,17167600.0
EU 28 countries + EFTA,2011,13642659.0
EU 15 countries + EFTA,2011,12815435.0
AUSTRIA,2011,356145.0
BELGIUM,2011,572211.0
DENMARK,2011,170036.0
FINLAND,2011,126123.0
FRANCE,2011,2204229.0
GERMANY,2011,3173634.0
GREECE,2011,97680.0
ICELAND,2011,5038.0
IRELAND,2011,89911.0
ITALY,2011,1749740.0
LUXEMBOURG,2011,49881.0
NETHERLANDS,2011,555812.0
NORWAY,2011,138345.0
PORTUGAL,2011,153404.0
SPAIN,2011,808051.0
SWEDEN,2011,304984.0
SWITZERLAND (+FL),2011,318958.0
UNITED KINGDOM,2011,1941253.0
EUROPE NEW MEMBERS,2011,827224.0
BULGARIA*,2011,19250.0
CROATIA,2011,41561.0
CYPRUS,2011,13480.0
CZECH REPUBLIC,2011,173595.0
ESTONIA,2011,17070.0
HUNGARY,2011,45094.0
LATVIA,2011,13234.0
LITHUANIA,2011,10980.0
MALTA,2011,5428.0
POLAND,2011,277427.0
ROMANIA,2011,81709.0
SLOVAKIA,2011,68203.0
SLOVENIA,2011,60193.0
"RUSSIA, TURKEY & OTHER EUROPE",2011,3524941.0
ALBANIA,2011,2100.0
ARMENIA,2011,4000.0
BELARUS,2011,15000.0
BOSNIA,2011,10000.0
GEORGIA,2011,3000.0
MACEDONIA,2011,8500.0
MOLDAVIA,2011,5500.0
RUSSIA,2011,2653688.0
SERBIA,2011,22181.0
TURKEY,2011,593519.0
UKRAINE,2011,207453.0
AMERICA,2011,11705668.0
NAFTA,2011,7363460.0
CANADA,2011,681956.0
MEXICO,2011,592101.0
UNITED STATES OF AMERICA,2011,6089403.0
CENTRAL & SOUTH AMERICA,2011,4342208.0
ARGENTINA,2011,673853.0
BAHAMAS,2011,2000.0
BELIZE,2011,100.0
BOLIVIA,2011,9500.0
BRAZIL,2011,2647250.0
CHILE,2011,245116.0
COLOMBIA,2011,250000.0
COSTA RICA,2011,30000.0
CUBA,2011,3000.0
DOMINICAN REPUBLIC,2011,15000.0
ECUADOR,2011,94297.0
EL SALVADOR,2011,3000.0
GUADELOUPE,2011,13695.0
GUATEMALA,2011,15000.0
GUYANA,2011,4719.0
HONDURAS,2011,1000.0
JAMAICA,2011,2000.0
MARTINIQUE,2011,12976.0
NICARAGUA,2011,3000.0
PANAMA,2011,35000.0
PARAGUAY,2011,20000.0
PERU,2011,93055.0
PUERTO RICO,2011,55000.0
TRINIDAD,2011,10000.0
URUGUAY,2011,38308.0
VENEZUELA,2011,65339.0
ASIA/OCEANIA/MIDDLE EAST,2011,27429521.0
AUSTRALIA,2011,559314.0
AZERBAIDJAN,2011,10000.0
BAHRAIN,2011,26000.0
BANGLADESH,2011,20800.0
BRUNEI,2011,15000.0
CAMBODGE,2011,2000.0
CHINA,2011,14472416.0
HONG-KONG,2011,44845.0
INDIA,2011,2510313.0
INDONESIA,2011,602291.0
IRAK,2011,71500.0
IRAN,2011,1452965.0
ISRAEL,2011,210000.0
JAPAN,2011,3509036.0
JORDAN,2011,11000.0
KAZAKSTAN,2011,38348.0
KIRGHIZISTAN,2011,5000.0
KUWAIT,2011,95000.0
LAOS,2011,4000.0
LEBANON,2011,31000.0
MALAYSIA,2011,535113.0
MONGOLIA,2011,3000.0
MYANMAR,2011,1800.0
NEPAL,2011,3000.0
NEW CALEDONIA,2011,7525.0
NEW ZEALAND,2011,63471.0
OMAN,2011,115000.0
PAKISTAN,2011,140184.0
PALESTINE,2011,19700.0
PHILIPPINES,2011,57768.0
QATAR,2011,45000.0
SAUDI ARABIA,2011,460000.0
SINGAPORE,2011,33493.0
SOUTH KOREA,2011,1293501.0
SRI LANKA,2011,7000.0
SYRIA,2011,33160.0
TADJIKISTAN,2011,7500.0
TAHITI,2011,4000.0
TAIWAN,2011,235205.0
THAILAND,2011,360441.0
TUKMENISTAN,2011,5000.0
UNITED ARAB EMIRATES,2011,193268.0
UZBEKISTAN,2011,48000.0
VIETNAM,2011,64564.0
YEMEN,2011,2000.0
AFRICA,2011,1073449.0
ALGERIA,2011,165415.0
ANGOLA,2011,10000.0
BOTSWANA,2011,25204.0
BURKINA,2011,500.0
BURUNDI,2011,200.0
CAMEROON,2011,1400.0
CONGO,2011,1500.0
EGYPT,2011,210300.0
GABON,2011,2000.0
GHANA,2011,6000.0
IVORY COAST,2011,3500.0
KENYA,2011,4000.0
LIBERIA,2011,200.0
LIBYA,2011,39000.0
MADAGASCAR,2011,1100.0
MALAWI,2011,1500.0
MAURITIUS,2011,3000.0
MOROCCO,2011,99727.0
NIGERIA,2011,30000.0
REUNION,2011,21111.0
SENEGAL,2011,3500.0
SOUTH AFRICA,2011,396292.0
SUDAN,2011,2000.0
TANZANIA,2011,3000.0
TUNISIA,2011,35000.0
UGANDA,2011,3000.0
ZAMBIA,2011,2000.0
ZIMBABWE,2011,3000.0
ALL COUNTRIES,2011,57376238.0
*only LV,2011,
EUROPE,2012,16191359.0
EU 28 countries + EFTA,2012,12567993.0
EU 15 countries + EFTA,2012,11773371.0
AUSTRIA,2012,336010.0
BELGIUM,2012,486737.0
DENMARK,2012,170763.0
FINLAND,2012,111251.0
FRANCE,2012,1898760.0
GERMANY,2012,3082504.0
GREECE,2012,58482.0
ICELAND,2012,7902.0
IRELAND,2012,79498.0
ITALY,2012,1403010.0
LUXEMBOURG,2012,50398.0
NETHERLANDS,2012,502544.0
NORWAY,2012,137967.0
PORTUGAL,2012,95309.0
SPAIN,2012,699589.0
SWEDEN,2012,279899.0
SWITZERLAND (+FL),2012,328139.0
UNITED KINGDOM,2012,2044609.0
EUROPE NEW MEMBERS,2012,794622.0
BULGARIA*,2012,19419.0
CROATIA,2012,31360.0
CYPRUS,2012,10123.0
CZECH REPUBLIC,2012,174009.0
ESTONIA,2012,19424.0
HUNGARY,2012,53059.0
LATVIA,2012,10665.0
LITHUANIA,2012,12165.0
MALTA,2012,5884.0
POLAND,2012,272719.0
ROMANIA,2012,66436.0
SLOVAKIA,2012,69268.0
SLOVENIA,2012,50091.0
"RUSSIA, TURKEY & OTHER EUROPE",2012,3623366.0
ALBANIA,2012,2300.0
ARMENIA,2012,5000.0
BELARUS,2012,20000.0
BOSNIA,2012,10000.0
GEORGIA,2012,4000.0
MACEDONIA,2012,5000.0
MOLDAVIA,2012,5000.0
RUSSIA,2012,2755384.0
SERBIA,2012,22800.0
TURKEY,2012,556280.0
UKRAINE,2012,237602.0
AMERICA,2012,13137279.0
NAFTA,2012,8639763.0
CANADA,2012,748530.0
MEXICO,2012,649333.0
UNITED STATES OF AMERICA,2012,7241900.0
CENTRAL & SOUTH AMERICA,2012,4497516.0
ARGENTINA,2012,596397.0
BAHAMAS,2012,2500.0
BELIZE,2012,200.0
BOLIVIA,2012,14000.0
BRAZIL,2012,2851540.0
CHILE,2012,257013.0
COLOMBIA,2012,240000.0
COSTA RICA,2012,30000.0
CUBA,2012,4000.0
DOMINICAN REPUBLIC,2012,15000.0
ECUADOR,2012,80644.0
EL SALVADOR,2012,5000.0
GUADELOUPE,2012,13158.0
GUATEMALA,2012,16000.0
GUYANA,2012,4357.0
HONDURAS,2012,1000.0
JAMAICA,2012,2000.0
MARTINIQUE,2012,11527.0
NICARAGUA,2012,3000.0
PANAMA,2012,40000.0
PARAGUAY,2012,20000.0
PERU,2012,128295.0
PUERTO RICO,2012,55000.0
TRINIDAD,2012,8000.0
URUGUAY,2012,38109.0
VENEZUELA,2012,60776.0
ASIA/OCEANIA/MIDDLE EAST,2012,29895832.0
AUSTRALIA,2012,576855.0
AZERBAIDJAN,2012,14000.0
BAHRAIN,2012,40000.0
BANGLADESH,2012,24600.0
BRUNEI,2012,15000.0
CAMBODGE,2012,2000.0
CHINA,2012,15495240.0
HONG-KONG,2012,45283.0
INDIA,2012,2781919.0
INDONESIA,2012,780785.0
IRAK,2012,80000.0
IRAN,2012,901268.0
ISRAEL,2012,190000.0
JAPAN,2012,4572333.0
JORDAN,2012,11500.0
KAZAKSTAN,2012,86959.0
KIRGHIZISTAN,2012,4000.0
KUWAIT,2012,116500.0
LAOS,2012,5000.0
LEBANON,2012,35500.0
MALAYSIA,2012,552189.0
MONGOLIA,2012,2000.0
MYANMAR,2012,2100.0
NEPAL,2012,3600.0
NEW CALEDONIA,2012,7250.0
NEW ZEALAND,2012,76871.0
OMAN,2012,130000.0
PAKISTAN,2012,136026.0
PALESTINE,2012,21600.0
PHILIPPINES,2012,64165.0
QATAR,2012,60000.0
SAUDI ARABIA,2012,540000.0
SINGAPORE,2012,32724.0
SOUTH KOREA,2012,1256403.0
SRI LANKA,2012,8000.0
SYRIA,2012,36300.0
TADJIKISTAN,2012,6000.0
TAHITI,2012,3000.0
TAIWAN,2012,211578.0
THAILAND,2012,660214.0
TUKMENISTAN,2012,4500.0
UNITED ARAB EMIRATES,2012,211500.0
UZBEKISTAN,2012,45000.0
VIETNAM,2012,44070.0
YEMEN,2012,2000.0
AFRICA,2012,1182296.0
ALGERIA,2012,188990.0
ANGOLA,2012,17000.0
BOTSWANA,2012,31471.0
BURKINA,2012,500.0
BURUNDI,2012,210.0
CAMEROON,2012,1900.0
CONGO,2012,1500.0
EGYPT,2012,222700.0
GABON,2012,3500.0
GHANA,2012,6500.0
IVORY COAST,2012,5000.0
KENYA,2012,2000.0
LIBERIA,2012,210.0
LIBYA,2012,20000.0
MADAGASCAR,2012,1200.0
MALAWI,2012,1000.0
MAURITIUS,2012,7000.0
MOROCCO,2012,117818.0
NIGERIA,2012,40000.0
REUNION,2012,19795.0
SENEGAL,2012,4000.0
SOUTH AFRICA,2012,440002.0
SUDAN,2012,2000.0
TANZANIA,2012,3000.0
TUNISIA,2012,37000.0
UGANDA,2012,3000.0
ZAMBIA,2012,2000.0
ZIMBABWE,2012,3000.0
ALL COUNTRIES,2012,60406766.0
*only LV,2012,
EUROPE,2013,15941854.0
EU 28 countries + EFTA,2013,12343996.0
EU 15 countries + EFTA,2013,11554834.0
AUSTRIA,2013,319035.0
BELGIUM,2013,486065.0
DENMARK,2013,182086.0
FINLAND,2013,103455.0
FRANCE,2013,1790456.0
GERMANY,2013,2952431.0
GREECE,2013,58694.0
ICELAND,2013,7274.0
IRELAND,2013,74367.0
ITALY,2013,1304648.0
LUXEMBOURG,2013,46624.0
NETHERLANDS,2013,416717.0
NORWAY,2013,142151.0
PORTUGAL,2013,105921.0
SPAIN,2013,722689.0
SWEDEN,2013,269599.0
SWITZERLAND (+FL),2013,307885.0
UNITED KINGDOM,2013,2264737.0
EUROPE NEW MEMBERS,2013,789162.0
BULGARIA*,2013,19352.0
CROATIA,2013,27802.0
CYPRUS,2013,7000.0
CZECH REPUBLIC,2013,164736.0
ESTONIA,2013,19694.0
HUNGARY,2013,56139.0
LATVIA,2013,10636.0
LITHUANIA,2013,12163.0
MALTA,2013,5749.0
POLAND,2013,289913.0
ROMANIA,2013,57710.0
SLOVAKIA,2013,66000.0
SLOVENIA,2013,52268.0
"RUSSIA, TURKEY & OTHER EUROPE",2013,3597858.0
ALBANIA,2013,2300.0
ARMENIA,2013,5000.0
BELARUS,2013,19600.0
BOSNIA,2013,9800.0
GEORGIA,2013,4000.0
MACEDONIA,2013,2000.0
MOLDAVIA,2013,5000.0
RUSSIA,2013,2649181.0
SERBIA,2013,23000.0
TURKEY,2013,664655.0
UKRAINE,2013,213322.0
AMERICA,2013,13554826.0
NAFTA,2013,9039173.0
CANADA,2013,755615.0
MEXICO,2013,698217.0
UNITED STATES OF AMERICA,2013,7585341.0
CENTRAL & SOUTH AMERICA,2013,4515653.0
ARGENTINA,2013,684379.0
BAHAMAS,2013,2000.0
BELIZE,2013,200.0
BOLIVIA,2013,13900.0
BRAZIL,2013,2763718.0
CHILE,2013,286588.0
COLOMBIA,2013,238800.0
COSTA RICA,2013,29800.0
CUBA,2013,4000.0
DOMINICAN REPUBLIC,2013,14900.0
ECUADOR,2013,74169.0
EL SALVADOR,2013,5000.0
GUADELOUPE,2013,12427.0
GUATEMALA,2013,15900.0
GUYANA,2013,4256.0
HONDURAS,2013,1000.0
JAMAICA,2013,2000.0
MARTINIQUE,2013,11091.0
NICARAGUA,2013,4000.0
PANAMA,2013,39800.0
PARAGUAY,2013,19900.0
PERU,2013,139453.0
PUERTO RICO,2013,54700.0
TRINIDAD,2013,8000.0
URUGUAY,2013,41785.0
VENEZUELA,2013,43887.0
ASIA/OCEANIA/MIDDLE EAST,2013,32136415.0
AUSTRALIA,2013,566454.0
AZERBAIDJAN,2013,21000.0
BAHRAIN,2013,43500.0
BANGLADESH,2013,24000.0
BRUNEI,2013,14700.0
CAMBODGE,2013,2000.0
CHINA,2013,17927730.0
HONG-KONG,2013,46147.0
INDIA,2013,2553979.0
INDONESIA,2013,880032.0
IRAK,2013,78200.0
IRAN,2013,691709.0
ISRAEL,2013,200000.0
JAPAN,2013,4562282.0
JORDAN,2013,14500.0
KAZAKSTAN,2013,153664.0
KIRGHIZISTAN,2013,4000.0
KUWAIT,2013,125000.0
LAOS,2013,6000.0
LEBANON,2013,35500.0
MALAYSIA,2013,576657.0
MONGOLIA,2013,1500.0
MYANMAR,2013,2000.0
NEPAL,2013,3500.0
NEW CALEDONIA,2013,5934.0
NEW ZEALAND,2013,82433.0
OMAN,2013,140000.0
PAKISTAN,2013,121122.0
PALESTINE,2013,21100.0
PHILIPPINES,2013,76822.0
QATAR,2013,65000.0
SAUDI ARABIA,2013,570000.0
SINGAPORE,2013,27955.0
SOUTH KOREA,2013,1243868.0
SRI LANKA,2013,10000.0
SYRIA,2013,35500.0
TADJIKISTAN,2013,6000.0
TAHITI,2013,2500.0
TAIWAN,2013,211824.0
THAILAND,2013,663746.0
TUKMENISTAN,2013,4500.0
UNITED ARAB EMIRATES,2013,206700.0
UZBEKISTAN,2013,45500.0
VIETNAM,2013,59857.0
YEMEN,2013,2000.0
AFRICA,2013,1224855.0
ALGERIA,2013,222710.0
ANGOLA,2013,20000.0
BOTSWANA,2013,31122.0
BURKINA,2013,700.0
BURUNDI,2013,210.0
CAMEROON,2013,2400.0
CONGO,2013,1500.0
EGYPT,2013,220000.0
GABON,2013,3000.0
GHANA,2013,6600.0
IVORY COAST,2013,4000.0
KENYA,2013,2500.0
LIBERIA,2013,210.0
LIBYA,2013,30000.0
MADAGASCAR,2013,1200.0
MALAWI,2013,1000.0
MAURITIUS,2013,7500.0
MOROCCO,2013,108177.0
NIGERIA,2013,40000.0
REUNION,2013,19465.0
SENEGAL,2013,4000.0
SOUTH AFRICA,2013,450561.0
SUDAN,2013,1500.0
TANZANIA,2013,3500.0
TUNISIA,2013,35000.0
UGANDA,2013,3000.0
ZAMBIA,2013,2000.0
ZIMBABWE,2013,3000.0
ALL COUNTRIES,2013,62857950.0
*only LV,2013,
EUROPE,2014,16060143.0
EU 28 countries + EFTA,2014,13013515.0
EU 15 countries + EFTA,2014,12113882.0
AUSTRIA,2014,303318.0
BELGIUM,2014,482939.0
DENMARK,2014,189051.0
FINLAND,2014,106236.0
FRANCE,2014,1795885.0
GERMANY,2014,3036773.0
GREECE,2014,71218.0
ICELAND,2014,9536.0
IRELAND,2014,96344.0
ITALY,2014,1360293.0
LUXEMBOURG,2014,49793.0
NETHERLANDS,2014,387835.0
NORWAY,2014,144202.0
PORTUGAL,2014,142826.0
SPAIN,2014,855308.0
SWEDEN,2014,303948.0
SWITZERLAND (+FL),2014,301942.0
UNITED KINGDOM,2014,2476435.0
EUROPE NEW MEMBERS,2014,899633.0
BULGARIA*,2014,20359.0
CROATIA,2014,33997.0
CYPRUS,2014,7794.0
CZECH REPUBLIC,2014,192314.0
ESTONIA,2014,20861.0
HUNGARY,2014,67476.0
LATVIA,2014,12452.0
LITHUANIA,2014,14503.0
MALTA,2014,6451.0
POLAND,2014,327709.0
ROMANIA,2014,70172.0
SLOVAKIA,2014,72249.0
SLOVENIA,2014,53296.0
"RUSSIA, TURKEY & OTHER EUROPE",2014,3046628.0
ALBANIA,2014,2500.0
ARMENIA,2014,5200.0
BELARUS,2014,22300.0
BOSNIA,2014,8900.0
GEORGIA,2014,4300.0
MACEDONIA,2014,2700.0
MOLDAVIA,2014,5600.0
RUSSIA,2014,2286877.0
SERBIA,2014,23900.0
TURKEY,2014,587331.0
UKRAINE,2014,97020.0
AMERICA,2014,13179280.0
NAFTA,2014,9188369.0
CANADA,2014,755500.0
MEXICO,2014,745250.0
UNITED STATES OF AMERICA,2014,7687619.0
CENTRAL & SOUTH AMERICA,2014,3990911.0
ARGENTINA,2014,432696.0
BAHAMAS,2014,1600.0
BELIZE,2014,200.0
BOLIVIA,2014,18500.0
BRAZIL,2014,2504161.0
CHILE,2014,256160.0
COLOMBIA,2014,265100.0
COSTA RICA,2014,35200.0
CUBA,2014,4000.0
DOMINICAN REPUBLIC,2014,17400.0
ECUADOR,2014,78495.0
EL SALVADOR,2014,5000.0
GUADELOUPE,2014,12599.0
GUATEMALA,2014,17300.0
GUYANA,2014,4248.0
HONDURAS,2014,1300.0
JAMAICA,2014,2300.0
MARTINIQUE,2014,11325.0
NICARAGUA,2014,5200.0
PANAMA,2014,43000.0
PARAGUAY,2014,21500.0
PERU,2014,138226.0
PUERTO RICO,2014,58500.0
TRINIDAD,2014,6300.0
URUGUAY,2014,40171.0
VENEZUELA,2014,10430.0
ASIA/OCEANIA/MIDDLE EAST,2014,34506093.0
AUSTRALIA,2014,531596.0
AZERBAIDJAN,2014,23300.0
BAHRAIN,2014,49600.0
BANGLADESH,2014,29300.0
BRUNEI,2014,18100.0
CAMBODGE,2014,2400.0
CHINA,2014,19700569.0
HONG-KONG,2014,48500.0
INDIA,2014,2570531.0
INDONESIA,2014,879461.0
IRAK,2014,61000.0
IRAN,2014,1106700.0
ISRAEL,2014,228000.0
JAPAN,2014,4699590.0
JORDAN,2014,15700.0
KAZAKSTAN,2014,151424.0
KIRGHIZISTAN,2014,4000.0
KUWAIT,2014,126300.0
LAOS,2014,9800.0
LEBANON,2014,38300.0
MALAYSIA,2014,588341.0
MONGOLIA,2014,1100.0
MYANMAR,2014,1000.0
NEPAL,2014,5300.0
NEW CALEDONIA,2014,5343.0
NEW ZEALAND,2014,84007.0
OMAN,2014,138600.0
PAKISTAN,2014,123950.0
PALESTINE,2014,21100.0
PHILIPPINES,2014,108327.0
QATAR,2014,71500.0
SAUDI ARABIA,2014,632700.0
SINGAPORE,2014,28932.0
SOUTH KOREA,2014,1359834.0
SRI LANKA,2014,13800.0
SYRIA,2014,33400.0
TADJIKISTAN,2014,6100.0
TAHITI,2014,2500.0
TAIWAN,2014,235480.0
THAILAND,2014,411402.0
TUKMENISTAN,2014,4600.0
UNITED ARAB EMIRATES,2014,206700.0
UZBEKISTAN,2014,46000.0
VIETNAM,2014,79806.0
YEMEN,2014,2100.0
AFRICA,2014,1230518.0
ALGERIA,2014,178200.0
ANGOLA,2014,24000.0
BOTSWANA,2014,26500.0
BURKINA,2014,700.0
BURUNDI,2014,200.0
CAMEROON,2014,2300.0
CONGO,2014,1500.0
EGYPT,2014,273500.0
GABON,2014,2900.0
GHANA,2014,6900.0
IVORY COAST,2014,4300.0
KENYA,2014,3000.0
LIBERIA,2014,200.0
LIBYA,2014,30000.0
MADAGASCAR,2014,1600.0
MALAWI,2014,1100.0
MAURITIUS,2014,8600.0
MOROCCO,2014,109649.0
NIGERIA,2014,42000.0
REUNION,2014,20605.0
SENEGAL,2014,4500.0
SOUTH AFRICA,2014,439264.0
SUDAN,2014,1800.0
TANZANIA,2014,1000.0
TUNISIA,2014,37100.0
UGANDA,2014,3000.0
ZAMBIA,2014,2000.0
ZIMBABWE,2014,4100.0
ALL COUNTRIES,2014,64976034.0
*only LV,2014,
